<?xml version="1.0" encoding="UTF-8"?>
<export version="D">
  <design>
    <source>C:\Users\shawn\Documents\ee198\198-hope\lab3-new\lab3.sch</source>
    <date>3/11/2020 10:00:38 PM</date>
    <tool>Eeschema (5.1.5)-3</tool>
    <sheet number="1" name="/" tstamps="/">
      <title_block>
        <title/>
        <company/>
        <rev/>
        <date/>
        <source>lab3.sch</source>
        <comment number="1" value=""/>
        <comment number="2" value=""/>
        <comment number="3" value=""/>
        <comment number="4" value=""/>
      </title_block>
    </sheet>
  </design>
  <components>
    <comp ref="L1">
      <value>L</value>
      <footprint>Inductor_THT:L_Axial_L5.0mm_D3.6mm_P10.00mm_Horizontal_Murata_BL01RN1A2A2</footprint>
      <datasheet>~</datasheet>
      <libsource lib="Device" part="L" description="Inductor"/>
      <sheetpath names="/" tstamps="/"/>
      <tstamp>5E4FD738</tstamp>
    </comp>
    <comp ref="L2">
      <value>L</value>
      <footprint>Inductor_THT:L_Axial_L5.0mm_D3.6mm_P10.00mm_Horizontal_Murata_BL01RN1A2A2</footprint>
      <datasheet>~</datasheet>
      <libsource lib="Device" part="L" description="Inductor"/>
      <sheetpath names="/" tstamps="/"/>
      <tstamp>5E4F8EFC</tstamp>
    </comp>
    <comp ref="F1">
      <value>Fuse</value>
      <footprint>Fuse:Fuse_BelFuse_0ZRE0005FF_L8.3mm_W3.8mm</footprint>
      <datasheet>~</datasheet>
      <libsource lib="Device" part="Fuse" description="Fuse"/>
      <sheetpath names="/" tstamps="/"/>
      <tstamp>5E51B971</tstamp>
    </comp>
    <comp ref="R4">
      <value>R</value>
      <footprint>Resistor_THT:R_Axial_DIN0204_L3.6mm_D1.6mm_P1.90mm_Vertical</footprint>
      <datasheet>~</datasheet>
      <libsource lib="Device" part="R" description="Resistor"/>
      <sheetpath names="/" tstamps="/"/>
      <tstamp>5E50203F</tstamp>
    </comp>
    <comp ref="R3">
      <value>R</value>
      <footprint>Resistor_THT:R_Axial_DIN0204_L3.6mm_D1.6mm_P1.90mm_Vertical</footprint>
      <datasheet>~</datasheet>
      <libsource lib="Device" part="R" description="Resistor"/>
      <sheetpath names="/" tstamps="/"/>
      <tstamp>5E4FF8A1</tstamp>
    </comp>
    <comp ref="R2">
      <value>150</value>
      <footprint>Resistor_THT:R_Axial_DIN0204_L3.6mm_D1.6mm_P1.90mm_Vertical</footprint>
      <datasheet>~</datasheet>
      <libsource lib="Device" part="R" description="Resistor"/>
      <sheetpath names="/" tstamps="/"/>
      <tstamp>5E4E2899</tstamp>
    </comp>
    <comp ref="R1">
      <value>120</value>
      <footprint>Resistor_THT:R_Axial_DIN0204_L3.6mm_D1.6mm_P1.90mm_Vertical</footprint>
      <datasheet>~</datasheet>
      <libsource lib="Device" part="R" description="Resistor"/>
      <sheetpath names="/" tstamps="/"/>
      <tstamp>5E4DD6FE</tstamp>
    </comp>
    <comp ref="D2">
      <value>D_Schottky</value>
      <footprint>lab3-new:diode2</footprint>
      <datasheet>~</datasheet>
      <libsource lib="Device" part="D_Schottky" description="Schottky diode"/>
      <sheetpath names="/" tstamps="/"/>
      <tstamp>5E4E6538</tstamp>
    </comp>
    <comp ref="D1">
      <value>LED</value>
      <footprint>lab3-new:led</footprint>
      <datasheet>~</datasheet>
      <libsource lib="Device" part="LED" description="Light emitting diode"/>
      <sheetpath names="/" tstamps="/"/>
      <tstamp>5E4DDF91</tstamp>
    </comp>
    <comp ref="C1">
      <value>C</value>
      <footprint>Capacitor_THT:C_Disc_D3.0mm_W1.6mm_P2.50mm</footprint>
      <datasheet>~</datasheet>
      <libsource lib="Device" part="C" description="Unpolarized capacitor"/>
      <sheetpath names="/" tstamps="/"/>
      <tstamp>5E4F02F9</tstamp>
    </comp>
    <comp ref="C2">
      <value>C</value>
      <footprint>Capacitor_THT:C_Disc_D3.0mm_W1.6mm_P2.50mm</footprint>
      <datasheet>~</datasheet>
      <libsource lib="Device" part="C" description="Unpolarized capacitor"/>
      <sheetpath names="/" tstamps="/"/>
      <tstamp>5E4FAE6A</tstamp>
    </comp>
    <comp ref="J2">
      <value>USB_A</value>
      <footprint>Connector_USB:USB_A_CNCTech_1001-011-01101_Horizontal</footprint>
      <datasheet> ~</datasheet>
      <libsource lib="Connector" part="USB_A" description="USB Type A connector"/>
      <sheetpath names="/" tstamps="/"/>
      <tstamp>5E50E7B4</tstamp>
    </comp>
    <comp ref="U1">
      <value>Regulator</value>
      <footprint>lab3-new:regulator</footprint>
      <libsource lib="lab3-rescue" part="Regulator-lab3" description=""/>
      <sheetpath names="/" tstamps="/"/>
      <tstamp>5E4E8641</tstamp>
    </comp>
    <comp ref="J1">
      <value>Conn_01x01_Male</value>
      <footprint>lab3-new:connector1</footprint>
      <datasheet>~</datasheet>
      <libsource lib="Connector" part="Conn_01x01_Male" description="Generic connector, single row, 01x01, script generated (kicad-library-utils/schlib/autogen/connector/)"/>
      <sheetpath names="/" tstamps="/"/>
      <tstamp>5E6A0B09</tstamp>
    </comp>
    <comp ref="J3">
      <value>Conn_01x01_Male</value>
      <footprint>lab3-new:connector1</footprint>
      <datasheet>~</datasheet>
      <libsource lib="Connector" part="Conn_01x01_Male" description="Generic connector, single row, 01x01, script generated (kicad-library-utils/schlib/autogen/connector/)"/>
      <sheetpath names="/" tstamps="/"/>
      <tstamp>5E6A293F</tstamp>
    </comp>
  </components>
  <libparts>
    <libpart lib="Connector" part="Conn_01x01_Male">
      <description>Generic connector, single row, 01x01, script generated (kicad-library-utils/schlib/autogen/connector/)</description>
      <docs>~</docs>
      <footprints>
        <fp>Connector*:*</fp>
      </footprints>
      <fields>
        <field name="Reference">J</field>
        <field name="Value">Conn_01x01_Male</field>
      </fields>
      <pins>
        <pin num="1" name="Pin_1" type="passive"/>
      </pins>
    </libpart>
    <libpart lib="Connector" part="USB_A">
      <description>USB Type A connector</description>
      <docs> ~</docs>
      <footprints>
        <fp>USB*</fp>
      </footprints>
      <fields>
        <field name="Reference">J</field>
        <field name="Value">USB_A</field>
      </fields>
      <pins>
        <pin num="1" name="VBUS" type="power_in"/>
        <pin num="2" name="D-" type="passive"/>
        <pin num="3" name="D+" type="passive"/>
        <pin num="4" name="GND" type="power_in"/>
        <pin num="5" name="Shield" type="passive"/>
      </pins>
    </libpart>
    <libpart lib="Device" part="C">
      <description>Unpolarized capacitor</description>
      <docs>~</docs>
      <footprints>
        <fp>C_*</fp>
      </footprints>
      <fields>
        <field name="Reference">C</field>
        <field name="Value">C</field>
      </fields>
      <pins>
        <pin num="1" name="~" type="passive"/>
        <pin num="2" name="~" type="passive"/>
      </pins>
    </libpart>
    <libpart lib="Device" part="D_Schottky">
      <description>Schottky diode</description>
      <docs>~</docs>
      <footprints>
        <fp>TO-???*</fp>
        <fp>*_Diode_*</fp>
        <fp>*SingleDiode*</fp>
        <fp>D_*</fp>
      </footprints>
      <fields>
        <field name="Reference">D</field>
        <field name="Value">D_Schottky</field>
      </fields>
      <pins>
        <pin num="1" name="K" type="passive"/>
        <pin num="2" name="A" type="passive"/>
      </pins>
    </libpart>
    <libpart lib="Device" part="Fuse">
      <description>Fuse</description>
      <docs>~</docs>
      <footprints>
        <fp>*Fuse*</fp>
      </footprints>
      <fields>
        <field name="Reference">F</field>
        <field name="Value">Fuse</field>
      </fields>
      <pins>
        <pin num="1" name="~" type="passive"/>
        <pin num="2" name="~" type="passive"/>
      </pins>
    </libpart>
    <libpart lib="Device" part="L">
      <description>Inductor</description>
      <docs>~</docs>
      <footprints>
        <fp>Choke_*</fp>
        <fp>*Coil*</fp>
        <fp>Inductor_*</fp>
        <fp>L_*</fp>
      </footprints>
      <fields>
        <field name="Reference">L</field>
        <field name="Value">L</field>
      </fields>
      <pins>
        <pin num="1" name="1" type="passive"/>
        <pin num="2" name="2" type="passive"/>
      </pins>
    </libpart>
    <libpart lib="Device" part="LED">
      <description>Light emitting diode</description>
      <docs>~</docs>
      <footprints>
        <fp>LED*</fp>
        <fp>LED_SMD:*</fp>
        <fp>LED_THT:*</fp>
      </footprints>
      <fields>
        <field name="Reference">D</field>
        <field name="Value">LED</field>
      </fields>
      <pins>
        <pin num="1" name="K" type="passive"/>
        <pin num="2" name="A" type="passive"/>
      </pins>
    </libpart>
    <libpart lib="Device" part="R">
      <description>Resistor</description>
      <docs>~</docs>
      <footprints>
        <fp>R_*</fp>
      </footprints>
      <fields>
        <field name="Reference">R</field>
        <field name="Value">R</field>
      </fields>
      <pins>
        <pin num="1" name="~" type="passive"/>
        <pin num="2" name="~" type="passive"/>
      </pins>
    </libpart>
    <libpart lib="lab3-rescue" part="Regulator-lab3">
      <fields>
        <field name="Reference">U</field>
        <field name="Value">Regulator-lab3</field>
      </fields>
      <pins>
        <pin num="1" name="GND" type="passive"/>
        <pin num="2" name="SW" type="passive"/>
        <pin num="3" name="VIN" type="passive"/>
        <pin num="4" name="VFB" type="passive"/>
        <pin num="5" name="EN" type="passive"/>
        <pin num="6" name="VBST" type="passive"/>
      </pins>
    </libpart>
  </libparts>
  <libraries>
    <library logical="Connector">
      <uri>C:\Program Files\KiCad\share\kicad\library/Connector.lib</uri>
    </library>
    <library logical="Device">
      <uri>C:\Program Files\KiCad\share\kicad\library/Device.lib</uri>
    </library>
    <library logical="lab3-rescue">
      <uri>C:\Users\shawn\Documents\ee198\198-hope\lab3-new/lab3-rescue.lib</uri>
    </library>
  </libraries>
  <nets>
    <net code="1" name="GND">
      <node ref="C2" pin="1"/>
      <node ref="J3" pin="1"/>
      <node ref="J2" pin="4"/>
      <node ref="U1" pin="1"/>
      <node ref="L1" pin="2"/>
      <node ref="R4" pin="2"/>
      <node ref="D1" pin="1"/>
    </net>
    <net code="2" name="Net-(R3-Pad2)">
      <node ref="R3" pin="2"/>
      <node ref="U1" pin="4"/>
      <node ref="R4" pin="1"/>
    </net>
    <net code="3" name="Net-(D2-Pad2)">
      <node ref="D2" pin="2"/>
      <node ref="F1" pin="1"/>
    </net>
    <net code="4" name="Net-(F1-Pad2)">
      <node ref="J1" pin="1"/>
      <node ref="F1" pin="2"/>
    </net>
    <net code="5" name="Net-(J2-Pad5)">
      <node ref="J2" pin="5"/>
    </net>
    <net code="6" name="Net-(C1-Pad2)">
      <node ref="U1" pin="6"/>
      <node ref="C1" pin="2"/>
    </net>
    <net code="7" name="Net-(C1-Pad1)">
      <node ref="L2" pin="2"/>
      <node ref="C1" pin="1"/>
      <node ref="U1" pin="2"/>
    </net>
    <net code="8" name="Net-(D2-Pad1)">
      <node ref="L1" pin="1"/>
      <node ref="U1" pin="3"/>
      <node ref="D2" pin="1"/>
    </net>
    <net code="9" name="Net-(D1-Pad2)">
      <node ref="R1" pin="2"/>
      <node ref="D1" pin="2"/>
    </net>
    <net code="10" name="Net-(J2-Pad2)">
      <node ref="R2" pin="2"/>
      <node ref="J2" pin="2"/>
    </net>
    <net code="11" name="+5V">
      <node ref="L2" pin="1"/>
      <node ref="R3" pin="1"/>
      <node ref="R1" pin="1"/>
      <node ref="C2" pin="2"/>
      <node ref="U1" pin="5"/>
      <node ref="J2" pin="1"/>
    </net>
    <net code="12" name="Net-(J2-Pad3)">
      <node ref="J2" pin="3"/>
      <node ref="R2" pin="1"/>
    </net>
  </nets>
</export>
